{
  "f1_score": 0.8635553972212326,
  "roc_auc": 0.980832484973331,
  "training_time_sec": 3.597844362258911,
  "device": "cuda",
  "n_estimators": 300,
  "confusion_matrix": [
    [
      303481,
      19648
    ],
    [
      14056,
      106656
    ]
  ]
}